<?xml version="1.0" encoding="UTF-8"?>
<project-private xmlns="http://www.netbeans.org/ns/project-private/1">
    <editor-bookmarks xmlns="http://www.netbeans.org/ns/editor-bookmarks/2" lastBookmarkId="0"/>
    <open-files xmlns="http://www.netbeans.org/ns/projectui-open-files/2">
        <group>
            <file>file:/C:/Users/mathi/OneDrive/Bureau/Projet%20Java/Projet_Java_2019/src/Graphique/Maj_prof_eval_modifier.java</file>
            <file>file:/C:/Users/mathi/OneDrive/Bureau/Projet%20Java/Projet_Java_2019/src/Graphique/Maj_admin_eleve_modifier.java</file>
            <file>file:/C:/Users/mathi/OneDrive/Bureau/Projet%20Java/Projet_Java_2019/src/Graphique/Maj_prof.java</file>
            <file>file:/C:/Users/mathi/OneDrive/Bureau/Projet%20Java/Projet_Java_2019/src/Graphique/Maj_prof_bulletin_ajouter.java</file>
            <file>file:/C:/Users/mathi/OneDrive/Bureau/Projet%20Java/Projet_Java_2019/src/Graphique/Maj_admin_eleve_supprimer.java</file>
            <file>file:/C:/Users/mathi/OneDrive/Bureau/Projet%20Java/Projet_Java_2019/src/Graphique/Maj_prof_evaluation.java</file>
            <file>file:/C:/Users/mathi/OneDrive/Bureau/Projet%20Java/Projet_Java_2019/src/Graphique/Maj_admin.java</file>
            <file>file:/C:/Users/mathi/OneDrive/Bureau/Projet%20Java/Projet_Java_2019/src/Graphique/Maj_admin_prof_supprimer.java</file>
            <file>file:/C:/Users/mathi/OneDrive/Bureau/Projet%20Java/Projet_Java_2019/src/Graphique/Maj.java</file>
            <file>file:/C:/Users/mathi/OneDrive/Bureau/Projet%20Java/Projet_Java_2019/src/Graphique/Recherche_eleve_info.java</file>
            <file>file:/C:/Users/mathi/OneDrive/Bureau/Projet%20Java/Projet_Java_2019/src/Graphique/Maj_prof_eval_ajouter.java</file>
            <file>file:/C:/Users/mathi/OneDrive/Bureau/Projet%20Java/Projet_Java_2019/src/Graphique/Maj_prof_bulletin_modifier.java</file>
            <file>file:/C:/Users/mathi/OneDrive/Bureau/Projet%20Java/Projet_Java_2019/src/Graphique/Maj_admin_prof.java</file>
            <file>file:/C:/Users/mathi/OneDrive/Bureau/Projet%20Java/Projet_Java_2019/src/Graphique/Reporting.java</file>
            <file>file:/C:/Users/mathi/OneDrive/Bureau/Projet%20Java/Projet_Java_2019/src/Graphique/Maj_admin_eleve.java</file>
            <file>file:/C:/Users/mathi/OneDrive/Bureau/Projet%20Java/Projet_Java_2019/src/Graphique/Maj_admin_eleve_ajouter.java</file>
            <file>file:/C:/Users/mathi/OneDrive/Bureau/Projet%20Java/Projet_Java_2019/src/Graphique/Recherche_prof.java</file>
            <file>file:/C:/Users/mathi/OneDrive/Bureau/Projet%20Java/Projet_Java_2019/src/Graphique/Maj_admin_prof_modifier.java</file>
            <file>file:/C:/Users/mathi/OneDrive/Bureau/Projet%20Java/Projet_Java_2019/src/Graphique/Maj_prof_bulletin_supprimer.java</file>
            <file>file:/C:/Users/mathi/OneDrive/Bureau/Projet%20Java/Projet_Java_2019/src/Graphique/Maj_admin_prof_ajouter.java</file>
            <file>file:/C:/Users/mathi/OneDrive/Bureau/Projet%20Java/Projet_Java_2019/src/Graphique/Recherche_eleve.java</file>
            <file>file:/C:/Users/mathi/OneDrive/Bureau/Projet%20Java/Projet_Java_2019/src/Graphique/Recherche_autre.java</file>
            <file>file:/C:/Users/mathi/OneDrive/Bureau/Projet%20Java/Projet_Java_2019/src/Graphique/Maj_admin_autre.java</file>
            <file>file:/C:/Users/mathi/OneDrive/Bureau/Projet%20Java/Projet_Java_2019/src/Graphique/Maj_prof_eval_supprimer.java</file>
            <file>file:/C:/Users/mathi/OneDrive/Bureau/Projet%20Java/Projet_Java_2019/src/Graphique/co.java</file>
        </group>
    </open-files>
</project-private>
